canonical_name,member_labels,generic_flag,generic_reason,bucket,contamination_flag
Ergonomic Risk Detection,"['Ergonomic risk assessment via cameras', 'Ergonomic risk detection for pallet handling and overexertions', 'Ergonomic risk detection in packaging/seasoning and bagger film changes', 'Ergonomics monitoring for strains and sprains (Posture Risk Index) with corrective actions', 'Ergonomics risk reduction via safety orientation and targeted coaching', 'Ergonomics risk detection (improper bends and overreach)', 'Monitor and mitigate ergonomic risks (overreaching/improper bend)', 'Ergonomics risk detection and coaching', 'Ergonomics risk detection (improper bending, overreaching, heavy lifts)', 'Ergonomics and manual material handling injury reduction', 'Ergonomic risk detection (improper bending and overreaching)', 'Ergonomic risk and overreaching detection', 'Ergonomic risk detection (improper bends and overreach)', 'Ergonomics risk detection at presses/workstations', 'Ergonomic risk detection at Glenville dock', 'Ergonomic risk detection (overreaching/improper bend)', 'Ergonomic risk detection (improper bending/overreaching)', 'Employee ergonomics monitoring (improper bending and overreaching)', 'Ergonomic risk monitoring (overreaching, improper bend)', 'Ergonomics risk detection with heat maps', 'Ergonomic overreaching and overhead lifting risk', 'Ergonomic improper bending detection', 'Ergonomic overreach prevention', 'Ergonomics risk monitoring', 'Ergonomics risk detection (overreaching, improper lifting)', 'Ergonomic risk identification (improper bend/lift using Posture Risk Index)', 'Ergonomic improper bending and overreaching reduction', 'Ergonomics monitoring (improper bends and overreaching)', 'Ergonomics: improper bend detection', 'Ergonomics: overreaching detection', 'Material handling and ergonomics risk detection', 'Ergonomics monitoring in molding cells', 'Ergonomic risk monitoring and mitigation in manual operations', 'Ergonomic overreach/improper bend monitoring at CRFM', 'Ergonomic risk detection (improper bend, overreaching)', 'Ergonomics risk detection', 'Ergonomic risk reduction (overreaches, improper bends)', 'Ergonomics detection and real-time coaching (reduce injuries and costs)', 'Ergonomics monitoring (overreaching/improper bends)', 'Ergonomics risk detection with severity scoring (Posture Risk Index)', 'Prioritize ergonomics hotspots and mitigate with engineering controls', 'Ergonomics risk identification via heat maps and repetition analysis', 'Ergonomic risk detection and coaching', 'Ergonomic risk monitoring and coaching (overreaching, lifting/carrying)', 'Ergonomics risk monitoring and mitigation (overreach/improper bending)', 'Improper Bend ergonomics detection and coaching', 'Ergonomic risk monitoring for manual handling', 'Ergonomic risk detection and multi-actor capture', 'Ergonomics: Overreaches detection', 'Ergonomics monitoring at receiving doors (overreaching, improper bends, load stand use)', 'Ergonomics: Improper bending detection', 'Adjust ergonomics detection for exoskeleton users', 'Prioritize actionable ergonomic alerts and reduce noise']",False,,safety,False
PIT-Pedestrian Proximity Monitoring,"['PIT-to-pedestrian proximity trend analysis with rolling average', 'PIT–pedestrian interaction and near-miss detection (staging/warehouse/tote dumping)', 'Forklift/PIT safety: proximity and collision monitoring to prevent struck-by incidents', 'PIT and pedestrian proximity/near‑miss detection', 'Monitor and reduce forklift–pedestrian interactions (PIT-to-person)', 'Forklift safety monitoring (no-stops, stacking, collision prevention)', 'No-pedestrian zone monitoring (e.g., conveyors/rollers)', 'Forklift and pedestrian safety in very narrow aisle (VNA) racking', 'PIT–pedestrian proximity monitoring', 'Forklift/PIT and pedestrian safety monitoring', 'PIT-to-PIT proximity monitoring (person-to-PIT and PIT-to-PIT)', 'Forklift/pallet jack and pedestrian safety in back rooms', 'No-pedestrian zone and PIT-to-person proximity around barrier pole/outfeed/battery area', 'PIT–pedestrian interaction monitoring', 'Forklift–pedestrian proximity and walkway compliance monitoring', 'PIT/pedestrian and PIT-to-PIT proximity', 'PIT-to-pedestrian and PIT-to-PIT proximity monitoring', 'Forklift and pedestrian/intersection safety (PIT-to-person, PIT-to-PIT, no stops, no PED zones)', 'PIT-to-pedestrian proximity and walkway enforcement', 'PIT–pedestrian proximity and interaction monitoring', 'Forklift–pedestrian collision prevention and intersection compliance', 'PIT-to-pedestrian proximity alerts', 'PIT/pedestrian interaction monitoring and reduction', 'Forklift–pedestrian near-miss detection', 'Forklift and pedestrian proximity monitoring (PIT-to-person and PIT-to-PIT)', 'Forklift aisle and pedestrian walkway safety monitoring', 'Dock PIT and pedestrian safety monitoring', 'Forklift/PIT and pedestrian safety monitoring (including no pedestrian zones)', 'PIT/pedestrian proximity monitoring in drive lanes', 'PIT-to-person proximity monitoring', 'Forklift–pedestrian proximity monitoring during renovation at Van Buren freezer', 'Forklift and pedestrian proximity/near-miss detection', 'PIT and pedestrian interaction risk monitoring', 'Monitor and prioritize PIT–pedestrian proximity risks by area and severity', 'PIT–pedestrian proximity and forklift fork hazards', 'Forklift and vehicle–pedestrian interaction monitoring', 'Forklift and pedestrian proximity monitoring', 'Forklift (PIT) and pedestrian safety: proximity, speeding, no-stops, coaching', 'Forklift and pedestrian safety monitoring', 'PIT–pedestrian proximity monitoring and walkway zoning/coverage', 'Person-to-PIT proximity monitoring', 'Vehicle–pedestrian proximity (man–machine interface) alerts', 'Coach against forks-first forklift driving and PIT-pedestrian near-misses using Voxel clips']",False,,safety,False
PIT-to-PIT Proximity Monitoring,"['PIT–PIT proximity monitoring', 'PIT-to-PIT collision/proximity monitoring', 'PIT–PIT interaction monitoring', 'Intersection and end-of-aisle stop compliance and PIT-to-PIT near-miss detection', 'PIT-to-PIT proximity detection', 'PIT-to-PIT proximity and congestion detection', 'PIT-to-PIT proximity hazard analysis for layout changes', 'PIT/PIT-to-PIT proximity and one-machine-per-lane policy', 'PIT-to-PIT proximity/collision monitoring']",False,,safety,False
PPE Compliance Monitoring,"['PPE compliance monitoring in production areas', 'PPE compliance monitoring in parking lots (safety vests and other PPE)', 'Monitor safety vest PPE compliance and manage seasonal impacts', 'Plan for new thin hi-viz PPE and adjust detection accordingly', 'PPE: Safety gloves compliance and training', 'PPE compliance monitoring (hard hats/vests)', 'Hard hat PPE compliance at Maintenance Propane Station', 'PPE compliance (high-visibility apparel)', 'PPE compliance in kitchens/deli/meat (gloves, hairnets, cut-resistant/mesh gloves)', 'Respirator PPE compliance in paint areas', 'High-visibility safety vest compliance monitoring', 'PPE compliance monitoring (safety vests)', 'PPE vest compliance monitoring', 'Detect safety glasses (PPE) presence', 'PPE safety vest compliance', 'PPE compliance monitoring (hard hats, vests, gloves)', 'PPE compliance and laceration prevention', 'PPE compliance monitoring', 'PPE compliance monitoring (including eye protection)', 'PPE compliance monitoring (including hot work PPE)', 'PPE compliance and restricted area controls', 'PPE safety glove compliance monitoring', 'Safety vest (PPE) compliance monitoring in designated areas', 'PPE and seatbelt compliance monitoring', 'PPE compliance monitoring (bump caps and safety vests) with tuning and zoning', 'Handle low-visibility safety vests in PPE detection']",False,,safety,True
Spill Detection and Monitoring,"['Slip and fall prevention via spill detection and timely notifications', 'Spill detection and liquid hazard monitoring (processing/oil room; note outdoor limitations)', 'Slip and spill hazard detection with near-real-time alerts', 'Spill detection to prevent slip/corrosive hazards', 'Spill and leak detection (including hazardous chemicals)', 'Spill detection and timely cleanup alerts', 'Spill detection for faster response', 'Spill detection', 'Filter cleaning-related spills via timing threshold']",False,,safety,False
Working at Heights Detection,"['Conveyor misuse/working at heights monitoring', 'Working at heights/climbing racks detection', 'Working at heights fall protection monitoring (cherry pickers)', 'Working at Heights detection/monitoring in supply chain', 'Working at heights on ULDs detection', 'Working at heights on trailers (flatbed unloading)', 'Working at heights detection (beta)', 'Working at heights without harness detection', 'Working at heights detection', 'Working at heights detection (potential enable)', 'Working at heights risk detection', 'Working at heights hazard detection in mills', 'Surface secondary hazards (e.g., working at heights without fall protection)', 'Working at heights hazard detection', 'Working at heights compliance and lifting/falling object risks', 'Working at heights incident coaching via Actions', 'Slip/trip/fall and fall-from-height risk at docks/trailers']",False,,safety,False
Obstruction and Egress Monitoring,"['Back-of-store obstruction, fire-exit clearance, and no-idling/no-parking monitoring', 'Egress and safety equipment obstruction detection', 'Reduce aisle obstacles/obstructions based on Voxel alerts', 'Restricted-area and egress/asset obstruction monitoring', 'Housekeeping and egress obstruction monitoring', 'Obstruction detection standardization across sites', 'Obstruction hazard detection in critical areas', 'Obstructions, blocked walking paths, and unauthorized parking', 'Obstruction monitoring for blocked egress and eyewash stations', 'Aisle obstruction and pallet buildup monitoring and remediation', 'Obstruction/blocking pathway detection', 'Obstruction detection tuning due to false positives', 'Obstruction detection for egress/pedestrian walkways', 'Obstruction hazard monitoring', 'Obstruction detection in walk paths and drive lanes', 'Aisle obstruction monitoring', 'Obstruction detection in exits, extinguishers, and walkways', 'Compliance monitoring: blocked exits and extinguishers', 'Housekeeping hazard monitoring (exits, walkways, debris)', 'Obstruction/egress/walkway clearance monitoring', 'Obstruction detection in walk paths and drive lanes', 'Obstruction/egress/walkway clearance monitoring', 'Housekeeping and material fall risk detection', 'Refine obstruction regions to reduce false positives']",False,,safety,False
Forklift Speed Monitoring,"['PIT speeding monitoring', 'Forklift/PIT behavior monitoring (speeding, stops, proximity) during peak loading', 'Forklift driving behavior compliance (speed and restricted areas)', 'Forklift speeding detection', 'Forklift speed and intersection stop compliance', 'Vehicle speed monitoring (ports)', 'Speeding detection across existing cameras at Hub East', 'PIT speed monitoring (forklifts and yard trucks)', 'Forklift speed monitoring via camera-based distance measurement', 'Forklift speeding monitoring', 'Vehicle speeding detection across lanes', 'Yard vehicle speeding alerts', 'Outdoor vehicle speeding detection', 'Speeding analytics and compliance reporting', 'Vehicle speeding detection across lanes', 'PIT speed and stop compliance monitoring']",False,,safety,False
Intersection Stop Compliance,"['PIT safety monitoring (no-stops, proximity, seatbelts)', 'Forklift stop compliance at doors/intersections', 'Pedestrian walkway compliance and no-ped/no-stop zone enforcement', 'PIT stop compliance at door intersections', 'Forklift collision and intersection compliance monitoring', 'Forklift intersection compliance and PIT–pedestrian near-miss detection', 'Stop sign compliance (No Stop) monitoring', 'No‑stop at intersections/end-of-aisles', 'Forklift stop-at-intersection compliance tracking and analytics', 'Stop sign/required stop compliance', 'No-stop at end of aisle enforcement (focus on Quality Corner A)', 'Detect and reduce no-stops/rolling stops at stop signs (PIT/vehicle intersections)', 'Forklift intersection compliance (no-stop) monitoring', 'Stop sign compliance (no-stops) monitoring', 'End-of-aisle stop compliance enforcement', 'Gamify safety compliance to reduce no-stops', 'Exterior crosswalk and stop compliance monitoring', 'Stop sign/stop line compliance zones']",False,,safety,False
No-Pedestrian Zone Enforcement,"['Tune no-pedestrian zone detection to focus on real pedestrian/forklift risks', 'No PED zone training and compliance', 'Area controls for no-pedestrian zones', 'Pedestrian entry monitoring in restricted area', 'Lockout/Tagout and machine guarding hazard-zone monitoring (no-pedestrian zones)', 'No‑pedestrian zone enforcement (blended safety and security)', 'No-pedestrian zone and PIT-to-person proximity around barrier pole/outfeed/battery area', 'No-pedestrian zone enforcement (ramps, robot cells)', 'No-pedestrian zones and area controls (rollers, spills)', 'No-pedestrian zones in docks/aisles', 'No pedestrian zone enforcement', 'No pedestrian zones enforcement (inside warehouse)', 'Monitor no-pedestrian zones and hotspots', 'No‑pedestrian zones and shortcut hazard control', 'No-ped zones for hazardous areas (e.g., rollers)', 'No-pedestrian zone intrusion', 'No-pedestrian zone monitoring', 'Pedestrian no-go zone monitoring (temporarily disabled during contractor work)', 'Restricted hazard/working-at-heights zone intrusion alerts', 'Detect dangerous zone intrusions to drive engineering redesign']",False,,safety,False
Suspended Load Hazard Detection,"['Suspended load exposure monitoring', 'Suspended loads and dock door safety monitoring', 'Suspended load/overhead crane safety (indoor future scope)', 'Suspended load hazard detection', 'Walking under suspended loads detection', 'Working under suspended loads detection']",False,,safety,False
Safety Heatmaps and Hotspot Analysis,"['Hazard hotspot mitigation using heat maps and rapid interventions (e.g., cones)', 'Behavior-based safety analytics with heat maps (pilot)', 'Safety analytics and training effectiveness tracking', 'Risk heat maps and safety analytics', 'Safety analytics dashboards and heatmaps for leading indicators', 'Safety hotspot heat mapping', 'Heat maps to locate safety hotspots and guide pre-shift coaching', 'Risk heat maps and safety analytics', 'Safety analytics dashboards and heatmaps for leading indicators', 'Heatmaps to pinpoint hazard hotspots', 'Heatmaps to identify safety hotspots', 'Heatmaps to pinpoint hazard hotspots', 'Heatmaps for targeted safety monitoring and trend detection', 'Heatmaps to locate ergonomic hotspots and adjust workflow', 'Heat maps and hotspot analytics to target high-risk areas', 'Use heatmaps and claims data to target injury reductions', 'Heat mapping of safety incidents and violations', 'Safety hotspot heat mapping to target interventions', 'Incident heat mapping to identify hotspots', 'Heatmaps to identify safety hotspots', 'Per-camera heatmap drill-down by incident type for safety prioritization', 'Hotspot identification to target high-risk areas', 'Pinpoint hazard hotspots with Heat Maps to drive mitigations', 'Safety hotspot prioritization using heatmaps', 'Access heatmaps for improper bend and overreaching', 'In-dashboard risk heat mapping and traffic management planning', 'Data-driven targeting of safety observations using heat maps and time-of-day trends', 'Heat maps to identify safety hotspots and guide layout/5S improvements']",False,,safety,False
Actions Workflow and Coaching,"['Assign and track safety actions with role-based access', 'Use assigned clips and resolutions for coaching to reduce event frequencies', 'Action tracking and accountability for safety interventions', 'Use Actions workflow to assign and track safety interventions', 'Safety incident triage and supervisor assignment workflow', 'Use Actions workflow to assign and track corrective actions in platform to remove hazards', 'Actions coaching to impact safety event counts', 'Daily safety incident digest and assignment workflow', 'Action management and coaching workflow for safety remediation', 'Assign and track safety follow-ups with Actions', 'Assign and track corrective actions in platform to remove hazards', 'Safety coaching via Actions workflow', 'Actions workflow to drive behavior change and accountability', 'Accountable coaching and training via Actions tied to incident clips', 'Actions workflow to assign and track safety corrective actions', 'Use Actions workflow for coaching and to measure impact on incidents', 'Assign and track corrective safety actions with owners and due dates', 'Track and close the loop on safety corrective actions with the Actions workflow', 'Assign and track safety follow-ups with Actions', 'Timely corrective actions and due dates for high-severity safety events', 'Assign incidents and track accountability', 'Safety tallying and follow-up workflow (tracking repeat offenders/situations)', 'Assign and track corrective safety actions with owners, due dates, and reporting', 'Automated safety actions and insights for incident follow-up', 'Supervisor-specific boards and action follow-up for safety', 'Streamlined safety workflows for leaders (assign, track, share)']",False,,safety,False
Near-Miss Detection and Reporting,"['Proactive near-miss detection and visibility', 'Automated surfacing of near-misses to address underreporting', 'Automated near-miss detection and hotspot visibility in DC', 'Near-miss capture to support pre-shift coaching and daily safety huddles', 'Near-miss detection and proactive monitoring', 'Automated near-miss capture and real-time coaching', 'Near-miss risk identification', 'Near-miss reporting and shareable analytics']",False,,safety,False
"Slip, Trip, and Fall Prevention","['Slip, trip, and fall detection', 'Slip, trip, and fall prevention with area controls', 'Walking over forks slip/trip hazard']",False,,safety,False
Safety Video Coaching and Training,"['Use incident videos for safety training and coaching (with privacy blurring)', 'Monthly safety meeting content using Voxel clips', 'Training and toolbox talks using bookmarked clips', 'Use clips for safety coaching and training', 'Use Voxel video for safety coaching and union collaboration', 'Use incident videos for safety training and coaching', 'Coaching Workshop and coaching using blurred videos and Voxel insights', 'Use anonymized video for non-punitive safety training and coaching', 'Identify unsafe dock behaviors (walking backwards, stepping over forks) and drive toolbox talks/start-of-shift coaching', 'Behavior-based safety coaching, pre-shift training, and gamification using clips']",False,,safety,False
Enterprise Safety Analytics and Benchmarking,"['Enterprise-wide safety visibility and hotspot identification', 'Safety reporting, benchmarking, and trend-driven interventions', 'Safety performance benchmarking and goal tracking', 'Safety incident reporting and trend analysis', 'Enterprise safety analytics and site benchmarking', 'Cross‑site safety analytics and benchmarking', 'Enterprise safety analytics and summary view', 'Cross-site safety incident trend monitoring and leaderboards', 'Global safety risk dashboard and heatmap visibility', 'Safety analytics and interactive reporting across shops']",False,,safety,False
Dock Safety Monitoring,"['Trailer pull-away detection at docks', 'Cold storage door/condensation/ice monitoring (safety and energy)', 'Door open/propped duration monitoring', 'Monitor freezer roll-up door open duration to prevent black ice', 'Door open duration policy enforcement (electrical and dock doors)', 'Truck going off dock detection', 'Loading dock driver confinement monitoring', 'Detect equipment set on dock plates', 'Open door duration tracking tied to ergonomics/pressure during live unloads', 'Dock and high‑collision area safety monitoring']",False,,safety,False
Lockout/Tagout Compliance Monitoring,"['Lockout/Tagout (LOTO) compliance in robotic palletizing cells', 'LOTO compliance and jam-clearing risk monitoring']",False,,safety,False
Cellphone Distraction Detection,"['Distraction detection (cellphone use)', 'Cell phone distraction monitoring', 'Cellphone distraction while walking', 'Distracted operation (cell phone use) detection and coaching']",False,,safety,False
Real-Time Safety Alerts,"['Timely alerting for safety issues', 'Timely notifications and corrective action workflows', 'Foremen-owned safety notifications with tuned thresholds', 'Timely alerts for critical safety events', 'Real-time incident alerting (email/SMS)', 'Prompt alerts for excessive speeding with configurable threshold', 'Alerting and intervention on at-risk behaviors', 'Four-pin walk-around/pin unlock detection with real-time alerts', 'Zone- and shift-based alert routing in remote areas']",False,,safety,False
Forklift Seatbelt Compliance,['Forklift seatbelt compliance'],False,,safety,False
Impact and Collision Detection,"['Racking/structure impact detection and driver violation analysis', 'Collision/impact detection on yellow posts', 'Protect laser-guided vehicles (AGVs) from forklift interactions']",False,,safety,False
Crosswalk and Walkway Compliance,"['Crosswalk compliance monitoring', 'Exterior crosswalk and stop compliance monitoring']",False,,safety,False
Robot Cell Safety Monitoring,"['Robot cell intrusion and safety interlock compliance monitoring', 'Camera-based red zone to replace light curtains']",False,,safety,False
Unsafe Forklift Load Handling,"['Unsafe forklift load handling (split forking, bulldozing, high loads)', 'Obstructed-view driving detection', 'Operator not looking in direction of travel detection', 'Forklift driving direction with obstructed view']",False,,safety,False
Yard and Outdoor Vehicle Monitoring,"['Yard gate driver behavior logging for carrier compliance', 'Yard/Outside vehicle behavior (idling/speeding)']",False,,safety,False
Pinch Point and Caught-In Hazards,"['Caught-in hazards at presses and conveyors', 'ULD handling pinch point risk detection', 'Machine pinch‑point and safety‑device circumvention detection']",False,,safety,False
Pallet Handling Safety,"['Unwrapped pallet/shrink-wrap tails (""kigtails"") detection in racks', 'Detect unsafe pallet behaviors to reduce ankle injuries', 'Optimize pallet stack heights and segregate pallet types to reduce overreach risk', 'Detect unsafe pallet jack practices for coaching', 'Housekeeping: product on floor and palletization']",False,,safety,False
Safety Gamification and Displays,"['Real-time shop displays and gamified safety goals', 'Shift-segmented safety dashboards and gamification', 'Gamify safety performance to drive adoption and outcomes']",False,,safety,False
Incident Severity Scoring and Prioritization,"['Incident severity scoring and prioritization', 'Prioritize review by severity to focus on high-risk cases', 'SIF/CIF precursor and serious-risk detection']",False,,safety,False
Impact Measurement and Trend Analysis,"['Quantify impact of safety interventions with leading indicators and markers', 'Track intervention impact with platform markers', 'Post-intervention markers and trend analysis to validate safety actions', 'Change impact markers after lowering rack at Headliners', 'Leading indicator and behavior change tracking', 'Baseline and trend safety events (before/after) to measure impact', 'Safety trend review and recommendations', 'Shift-level safety trend analysis']",False,,safety,False
Conveyor Safety Monitoring,"['Encourage pop-up conveyor use at 497 unload to reduce manual handling', 'Conveyor congestion/pile-up detection to prevent falling objects', 'Unsafe behavior around conveyors and struck-by risk (pull-and-jump, leaning/sitting)']",False,,safety,False
PIT Parking Duration Monitoring,"['Monitor improper PIT parking duration at central crossway and enforce policy', 'PIT parking duration monitoring at inbound docks', 'PIT parking duration and distraction monitoring']",False,,safety,True
Fire Door and Dock Door Monitoring,['Forklifts entering dock on red light'],False,,safety,False
Forklift Pre-Use Inspection Compliance,['Forklift pre-use inspection compliance'],False,,safety,False
Dolly and Equipment Safety,"['Dolly brake/tongue position compliance', 'Load securement/stop before retrieving fallen items']",False,,safety,False
Signage and Traffic Control Analytics,['Signage effectiveness and traffic control analytics'],False,,safety,False
Safe Tool and Packaging Practices,"['Safe tool use for packaging (no tearing tape with teeth)', 'PIT use compliance for material movement']",False,,safety,False
Confined Space and Lone Worker Safety,"['Confined space risk during oven cleaning', 'Confined space entry and lone-worker detection']",False,,safety,False
E-Bike and Battery Fire Risk,"['Detect prohibited e-bikes/e-scooters indoors to mitigate lithium battery fire risk', 'Early fire-related issue detection in mills', 'Fire-related issue alerts']",False,,safety,False
Daily Safety Digest and Reporting,['Daily summary incident emails for safety review'],False,,safety,False
Camera Optimization and Rescoping,"['Re-scope cameras to monitor the right risks and repurpose low-yield cameras', 'Re-scope cameras/zones to maintain accurate safety detections and manageable incident volume', 'Eliminate 517 warehouse blind spot to capture PPE violations']",False,,safety,False
Video Incident Review,"['Post-incident video review', 'Incident investigation via video review', 'Annotate videos to highlight safety concerns not auto-detected', 'Driver exoneration using video evidence after a crash']",False,,safety,False
Shift and Time-of-Day Analysis,"['Uncover unknown safety risks across shifts (around the clock)', ""Second‑shift visibility ('eye in the sky')"", 'around the clock monitoring with real-time alerts for near misses', 'Safety risk hotspot and time-of-day analytics']",False,,safety,False
Facility Layout and Engineering Controls,['Facility layout adjustments to reduce PIT proximity risk'],False,,safety,False
Equipment and Machine Safety Monitoring,"['Equipment issue monitoring', 'Hazardous machinery safeguarding detection']",False,,safety,False
Retail-Specific Safety Monitoring,"['Retail front-of-store monitoring', 'Retail shop safety monitoring (tire inflation, lifts/blocking, falling tires)', 'Retail floor hazard detection', 'Front-of-store hotspot monitoring']",False,,safety,False
Ladder Safety Monitoring,['Ladder safety and fixed ladder elimination'],False,,safety,False
Employee vs Customer Distinction,['Employee vs. customer distinction via uniform for safety accountability'],False,,safety,False
Data Export and Integration,['Export safety data to external EHS/BI systems'],False,,safety,False
Line-of-Fire Hazard Detection,['Line-of-fire hazard observation support'],False,,safety,False
Reduce Injuries and Costs,"['Reduce injury and liability costs via targeted safety interventions', 'Injury reduction and value target', 'Reduce safety losses/incidents', 'Reduce safety incidents and claims using AI video analytics']",False,,safety,False
AI Safety Vision Platform Deployment,"['AI video analytics to gain visibility and reduce injuries', 'Build workplace safety culture with AI', 'Enterprise-scale rollout across DCs and storefronts', 'Deploy Voxel safety computer vision at distribution centers', 'AI risk monitoring deployment across sites', 'AI detection of leading safety risks from existing cameras', 'Continuous AI safety coverage vs human observation', 'Centralized safety monitoring and real-time dispatch']",False,,safety,False
Prevent Catastrophic Events,['Detect and prevent catastrophic safety events'],False,,safety,False
Augment Lean Teams with Automation,['Augment lean store teams with automated observations/alerts'],False,,safety,False
Forklift Telematics Alternative,['Camera-based alternative/complement to forklift telematics'],False,,safety,False
Regulatory and Compliance Support,['Address Federal Safety Bureau/regulatory compliance in safety programs'],False,,safety,False
Drone-Based Remote Inspection,['Drone-based remote inspection and auditing'],True,This refers to a separate technology (drones) not directly related to Voxel's core computer vision platform.,safety,False
Fatigue Monitoring Inquiry,['Fatigue monitoring inquiry (not supported by Voxel)'],True,This label explicitly states the capability is not supported by Voxel.,safety,False
EHS Management Software Adoption,['EHS management software adoption'],True,"This is a generic reference to adopting EHS software, not a specific Voxel safety use case.",safety,False
Camera Enhancements for Safety,['Camera enhancements for safety oversight (Voxel-like)'],True,This is a vague reference to camera enhancements similar to Voxel rather than a concrete use case.,safety,False
Machine Shutdown Use Case,['Machine shutdown use case (safety)'],True,This is too vague and does not specify what safety behavior is being detected or prevented.,safety,False
Powered Equipment Safety (Generic),"['Powered equipment and vehicle safety monitoring in HDCs', 'Powered industrial truck hazard detection']",True,These are overly broad umbrella terms without specifying what behaviors or hazards are monitored.,safety,False
Product Damage and Shrink Reduction,"['Reduce shrink by detecting product damage from PIT impacts', 'Product and infrastructure damage detection (collisions with racks/product)', 'Product condition monitoring', 'Sensitive product condition monitoring', 'Product damage tracking', 'Product condition and dwell-time detection', 'Reduce property damage, equipment repair costs, and product shrink from PIT incidents', 'Shrink/loss prevention from mishandling impacts', 'Shrink reduction via service alerts in high-risk aisles']",False,,nonsafety,False
Customer Support and Partnership,"['Ongoing partnership and customer success support', 'Responsive customer support and troubleshooting']",True,"These are generic vendor relationship topics, not product use cases.",nonsafety,False
Implementation and Training Optimization,"['Reduce implementation/training burden and false positives', 'Supervisor training and adoption support']",True,These describe onboarding logistics rather than specific product use cases.,nonsafety,False
Pilot and Trial Programs,"['Run a trial before broader rollout', 'Paid pilot to validate Voxel with an existing camera environment', 'Pilot KPI tracking and weekly reviews', 'Trial validation of detection and workflow integration', 'Monitoring across dispersed facilities']",True,"These describe procurement and evaluation processes, not specific product use cases.",nonsafety,False
Dashboard and UI Customization,"['Restore dashboard deep links in daily incident email', 'Role‑based boards and dashboard customization for MODs', 'Executive all-sites dashboard with custom date ranges for weekly leadership reporting', 'Shift-based dashboards and gamification', 'Role-based boards and camera access for supervisors', 'Use of Voxel boards for simple data visualization and team communication', 'Distributed area ownership via Boards and tier process', 'Role/shift/incident-specific dashboards (""boards"") for operations', 'Data overload management via Boards and filtered default views', 'Boards for targeted monitoring and trend detection']",False,,nonsafety,False
System Integration and Data Export,"['Integration with incident-management and reporting systems', 'Export operational data to external BI/EHS systems', 'Integrate with existing camera infrastructure (no hardware replacement)', 'Data export/API integration for custom analytics', 'API and BI integration for leading/lagging metrics', 'Integration with an external workflow tool via API/data export', 'API feed updates/integration', 'Integrate with existing cameras and minimize IT burden']",False,,nonsafety,False
Multi-Site Rollout Planning,"['Planning for multi-site rollout requirements', 'Getting sites onto the same schedule', 'Enterprise-scale rollout across DCs and storefronts']",True,These describe deployment logistics rather than specific use cases.,nonsafety,False
Action Tracking and Accountability,"['Action workflow and accountability tracking', 'Track and find completed/in-progress actions across Wilmington', 'Reminders for past-due actions', 'Assign and track actions with accountability and reporting', 'Actions workflow for incident and task management', 'Automated reminders for overdue actions', 'Accountable coaching and training via Actions tied to incident clips', 'Safety tallying and follow-up workflow (tracking repeat offenders/situations)', 'Action management workflow with ownership, cross-shift follow-up, timelines, and impact markers', 'Supervisor accountability and action tracking in Voxel', 'Assign and track safety actions with role-based access', 'Track and close the loop on safety corrective actions with the Actions workflow', 'Action tracking and accountability for safety interventions', 'Assign and track follow-ups with Actions', 'Assign and track corrective actions in platform', 'Voxel-assigned actions to drive engagement and accountability', 'Assign incidents and track accountability', 'Action management and coaching workflow', 'Use Actions workflow to manage corrective actions and track impact', 'Assign and track actions with owners and due dates', 'Clarify workflow for rejected assigned actions and reassignment', 'Show overdue/upcoming actions and allow due date edits']",False,,nonsafety,False
Warehouse Productivity Optimization,"['Optimize pallet stack heights and segregate pallet types to improve productivity', 'Warehouse productivity via wearable device optimization', 'Operational efficiency insights from video analytics', 'Operational efficiency identification', 'Identify operational improvements and efficiency gains from data', 'Operational productivity and safety program efficiency gains', 'Reduce time spent on manual observations', 'Staff efficiency and mobile guidance']",False,,nonsafety,False
Door Duration Monitoring,"['Operational analytics: monitor open door durations', 'Open cooler/freezer door monitoring for energy/product protection', 'Dock door open-duration tracking', 'Open dock door duration monitoring and threshold tuning', 'Door open/propped duration monitoring', 'Open door duration monitoring', 'Open door monitoring for security', 'Cold storage door monitoring for energy savings', 'Open door duration tracking for turn-time management', 'After-hours dock door open alert (lights off)']",False,,nonsafety,False
Driver and Vehicle Compliance,"['Driver exoneration using video evidence after a crash', 'Yard gate driver behavior logging for carrier compliance', 'Trailer pull-away detection at docks', 'Trailer detention and turnaround time tracking']",False,,nonsafety,False
Hazard Detection and Alerting,"['High‑accuracy alerting and broad hazard detection coverage', 'Automate camera monitoring to save staff time', 'Augment lean store teams with automated observations/alerts', 'Automated alerts/digests and assignment workflows', 'Reduce manual video review workload']",False,,nonsafety,False
Language Localization,['Per-user language localization to Spanish'],False,,nonsafety,False
Safety Analytics and Reporting,"['Safety performance analytics, gamification, and automated reporting', 'Year-over-year incident trend reporting and comparison', 'Safety incident reporting and trend analysis', 'Safety performance benchmarking and goal tracking', 'Weekly trend reporting and executive/corporate views', 'Safety program analytics and workflow management', 'Safety analytics and interactive reporting across shops', 'Enterprise safety analytics and summary view', 'Safety reporting and coaching workflows', 'Cross-site and shift compliance benchmarking']",False,,nonsafety,False
Training and LMS Integration,"['Use Voxel videos in training and explore LMS (Cornerstone) integration', 'Training content efficiency using bookmarked clips']",False,,nonsafety,False
Report Export and Subscriptions,"['Monthly reporting/data export to support internal shift-level reporting', 'Report subscriptions and exports (PDF/CSV/PPT) for stakeholder sharing', 'Embed incident videos in presentation decks', 'Quarterly shareholder reporting', 'Automated reporting and notifications', 'Automated weekly snapshots and data delivery', 'Daily summary email delivery and notifications', 'Email summaries for insight without platform login']",False,,nonsafety,False
Restricted Area and Access Control,"['No‑pedestrian zone and after‑hours presence monitoring for LP/security', 'Restricted access behind registers and counters using rules/uniforms', 'Security/area control and after-hours presence detection', 'After-hours restricted area monitoring (time-based no-ped zones)', 'Area controls (restricted zones and product placement policies)', 'Unauthorized access/security breach detection with alerts', 'After-hours presence/time-based access monitoring', 'Tune no-pedestrian zone detection to reduce alert noise']",False,,nonsafety,False
Gamification and Engagement,"['Team engagement leaderboards and gamification', 'Gamify adoption and safety behaviors']",False,,nonsafety,False
Customer Service Monitoring,"['Customer service area staffing monitoring', 'Customer service alerts at fabric cutting and service areas']",False,,nonsafety,False
Customer Incident Evidence,"['Customer-incident evidence capture and faster closure', 'Retail front-of-store liability reduction', 'Near-miss and property damage data for AP claims/investigations', 'Retail floor hazard detection to reduce liability exposure']",False,,nonsafety,False
Merchandising and Dwell Analytics,['Merchandising analytics: dwell/end-cap engagement'],False,,nonsafety,False
Contract and Commercial Terms,"['Contract renewal language clarification', 'Update contracts to reflect new leadership and stakeholders', 'Timing follow-up around internal planning', 'Longer-term commercial options']",True,"These describe contract administration and procurement processes, not product use cases.",nonsafety,False
Facial Recognition and Identity,"['Facial recognition to identify individuals in footage', 'Identity resolution for incident investigations (facial recognition request)']",False,,nonsafety,False
Maintenance Window Management,"['Maintenance window suppression (no incident capture during scheduled work)', 'Exclude planned events from analytics to avoid skewed metrics']",False,,nonsafety,False
Camera Coverage Expansion,"['Increase camera coverage for monitoring and business case', 'Camera coverage planning and rescoping to address blind spots', 'Re-scope cameras/zones to manage alert volume and reduce false positives']",False,,nonsafety,False
Perimeter and Yard Security,"['Perimeter fence intrusion/security monitoring', 'Security monitoring use cases (yard/internal)', 'Facility security monitoring with CCTV', 'Security monitoring (license plate recognition and restricted-hours alerts)']",False,,nonsafety,False
Traffic Flow and Congestion,"['Reduce Chipotle dry dock congestion by splitting shifts', 'Address PIT parking duration impacting aisle flow at central crossway', 'Aisle obstruction and pallet buildup monitoring to improve pallet flow', 'Operations analytics: congestion and repeated task measurement', 'Conveyor congestion detection for operational efficiency', 'Heat maps to identify operational bottlenecks and movement patterns', 'Conveyor jam/no-obstruction detection and root-cause review']",False,,nonsafety,False
Dock Equipment Monitoring,['Detect equipment set on dock plates'],False,,nonsafety,False
Platform Updates and Communication,['Advance notification of platform/UI changes'],True,"This is a vendor communication preference, not a product use case.",nonsafety,False
Forklift Intersection Compliance,['Forklift stop-at-intersection compliance tracking and analytics'],False,,nonsafety,False
Incident Type Standardization,['Standardize monitored incident types across sites'],False,,nonsafety,False
Heatmap Analytics,"['Heatmap-based prioritization of reviews', 'Access to heatmap exploration tools for power users', 'Per-camera heatmap drill-down by incident type for analysis', 'Site report and heatmap analytics to find hotspots by camera/time and track outcomes', 'Use heatmaps and claims data to target and validate impact', 'Heatmaps analytics to prioritize focus']",False,,nonsafety,False
PIT Parking Duration Monitoring,"['PIT parking duration monitoring and camera zone tuning', 'Parking duration monitoring', 'PIT parking duration and dwell-time analytics for operational flow']",False,,nonsafety,True
Equipment Condition Monitoring,"['Equipment issue monitoring', 'Early issue detection for downtime prevention', 'Operational anomaly detection']",False,,nonsafety,False
Fire Detection in Mills,['Early fire-related issue detection in mills'],False,,nonsafety,False
Mobile Camera Security,['Prevent theft/tampering of mobile camera units'],False,,nonsafety,False
Video Footage Retrieval,"['Video footage retrieval', 'Link incident logs to camera footage for leader review', 'Accelerate incident investigations with timestamps']",False,,nonsafety,False
Business Case Development,"['Business case support for internal stakeholders', 'Build business case and drive cultural/retention benefits with Voxel']",True,"These describe internal justification processes, not specific product use cases.",nonsafety,False
Fixed Camera Pilot,['Pilot Voxel on an existing fixed-camera area'],True,"This describes a deployment approach, not a specific use case.",nonsafety,False
Intervention Impact Tracking,"['Post-intervention markers and trend analysis for ROI', 'Change management impact tracking and leadership storytelling', 'Quantify impact of safety interventions with leading indicators and markers', 'Track intervention impact with platform markers', 'Monitor progress and impact of pilots/program changes']",False,,nonsafety,False
AI vs Human Coverage Comparison,['Continuous AI safety coverage vs human observation'],False,,nonsafety,False
Quality Inspection,"['Quality inspection via computer vision', 'Quality control visual inspection with cameras']",False,,nonsafety,False
Skeleton Overlay for Review,['Skeleton overlay on action videos to aid review'],False,,nonsafety,False
Cross-Facility Benchmarking,"['Cross-facility summary view for benchmarking', 'Enterprise analytics and benchmarking across sites', 'Cross‑site safety analytics and benchmarking']",False,,nonsafety,False
Legacy System Upgrade,['Upgrade legacy NVR/VMS with AI capabilities'],False,,nonsafety,False
IT Vetting and Compliance,"['AI governance and security compliance review', 'Cross-functional IT vetting and stakeholder alignment for adoption', 'Simple integration with an existing camera platform and IT onboarding']",True,"These describe procurement and IT review processes, not specific use cases.",nonsafety,False
Vendor Evaluation,"['Cost-sensitive vendor evaluation (incl. Falcon Peak Vision)', 'Select scalable, multi-domain solutions within budget constraints']",True,"These describe procurement evaluation processes, not specific use cases.",nonsafety,False
Drone Inspection,['Drone-based remote inspection and auditing'],True,This is a separate technology mention unrelated to Voxel's core computer vision product.,nonsafety,False
Third-Party System Implementation,['Implementing VelocityEHS system'],True,This mentions a separate third-party system unrelated to Voxel use cases.,nonsafety,False
No-Idling Zone Enforcement,"['No-idling/no-standing enforcement in parking and no-traffic areas', 'Vehicle idling monitoring (ports)']",False,,nonsafety,False
Platform Adoption Analytics,"['Platform adoption and usage analytics reporting', 'Usage analytics to monitor and pinpoint adoption', 'Broaden platform engagement via role-based access and targeted boards']",False,,nonsafety,False
Retail Expansion Planning,['Potential expansion to retail stores'],True,"This is a future expansion consideration, not a current use case.",nonsafety,False
Detection Accuracy Validation,"['Validate detection accuracy/precision and false positive/negative thresholds in dense production cells', 'Improve data accuracy via precise region configuration', 'Review dashboard metrics and product enhancements to identify opportunities']",False,,nonsafety,False
Customs and Regulation Services,"['Automated global regulation monitoring for customs services', 'Conversational AI overlay for customs platform']",True,These reference unrelated customer technology projects outside Voxel's scope.,nonsafety,False
IoT Supply Chain Devices,['IoT devices for the general supply chain'],True,This is a broad technology mention unrelated to Voxel's computer vision product.,nonsafety,False
Obstruction Detection and Compliance,"['Obstruction detection for Federal Safety Bureau compliance and fines avoidance', 'Obstruction detection standardization across sites']",False,,nonsafety,False
PPE Compliance Monitoring,"['Food hygiene PPE compliance (hair nets and beard nets)', 'Food safety PPE compliance (hair nets and beard nets)', 'Food safety and controlled-environment compliance monitoring']",False,,nonsafety,True
Workers' Comp and Insurance,"[""Lower workers' comp premiums by demonstrating improved risk"", 'Reduce injury and liability costs via targeted interventions', 'Evaluate value using claims and injury trends']",False,,nonsafety,False
Equipment Shutdown Detection,['Machine shutdown use case (operations)'],False,,nonsafety,False
Privacy Protection Features,['Protect privacy via body blurring to support wider use'],False,,nonsafety,False
Hot Desk and Office Usage,"['Hot desk booking and seat allocation', 'Attendance visibility and office usage analytics']",False,,nonsafety,False
No-Parking Zone Enforcement,['No‑parking zone enforcement'],False,,nonsafety,False
Ergonomics and Injury Prevention,['Ergonomics detection and real-time coaching (reduce injuries and costs)'],False,,nonsafety,False
AGV Protection,['Protect laser-guided vehicles (AGVs) from damage'],False,,nonsafety,False
Door and Asset Damage Prevention,['Door/asset damage prevention via intersection monitoring'],False,,nonsafety,False
Sensitive Inventory Monitoring,['Sensitive-inventory monitoring pilot'],False,,nonsafety,False
Alert Volume Management,['Noise reduction via selective use case scoping'],False,,nonsafety,False
Historical Data Review,['Use historical data to support internal review'],False,,nonsafety,False
Task Status Alerts,['Trash/returns processing late-status alert'],False,,nonsafety,False
Executive Expansion Reporting,['Executive reporting for expansion decision'],True,"This describes internal decision-making support, not a specific product use case.",nonsafety,False
Forklift Idle Time Monitoring,"['Fork truck idle time monitoring (via Sterling Axis Insights)', 'Charger parking duration telemetry']",False,,nonsafety,False
